{
    "train_loss": [
        3.716338442138312,
        3.011037623354455,
        2.777680083895086,
        2.623585814371268,
        2.5037781227039426,
        2.385567082558095,
        2.305257876485569,
        2.231153781966549,
        2.163299510710674,
        2.097501514902603,
        2.0163030886937996,
        1.9511714219498593,
        1.8920909546105733,
        1.8378524328525756,
        1.785813259214694,
        1.7194191712356972,
        1.68476597285257,
        1.6456033678970643,
        1.6077592096635842,
        1.5724353749838418
    ],
    "val_loss": [
        3.1745179466523687,
        2.9016471343769146,
        2.7801112323280313,
        2.6927149481172536,
        2.6482856963978376,
        2.603963102156611,
        2.5876297771770895,
        2.5726333834210924,
        2.5663848645565657,
        2.55824215482451,
        2.555472188596751,
        2.562743477143807,
        2.5735926161502705,
        2.5852402132254184,
        2.5962404520837614,
        2.606976283459497,
        2.6192980247272564,
        2.6374711881693824,
        2.655010320545841,
        2.671606827677095
    ],
    "train_ppl": [
        41.113578420637474,
        20.3084615303215,
        16.081669514582916,
        13.785065753166394,
        12.228607975075969,
        10.865222396328104,
        10.026763585617397,
        9.310602289689259,
        8.69979542234151,
        8.145792325887076,
        7.510507865283822,
        7.036925963869322,
        6.633223960838328,
        6.283030531883967,
        5.964428602229962,
        5.581285751330575,
        5.391189100097414,
        5.184136905271066,
        4.991613527314339,
        4.818368450359485
    ],
    "val_ppl": [
        23.915288644315293,
        18.204105296291264,
        16.120814003974225,
        14.771725998588328,
        14.129795112266274,
        13.517202075996037,
        13.29821448778915,
        13.100277110034098,
        13.01867499307097,
        12.913098125743248,
        12.877378773577481,
        12.97135516102802,
        13.11284935348904,
        13.266475490112407,
        13.413215497186261,
        13.55799328134457,
        13.72608483024754,
        13.977811621363095,
        14.225132869708808,
        14.463190386190167
    ],
    "val_metrics": [
        {
            "BLEU-1": 0.5925835702544664,
            "BLEU-2": 0.4008463268631565,
            "BLEU-4": 0.1837426030742294,
            "METEOR": 0.357669158904687,
            "ROUGE-L": 0.4050643034064829,
            "CIDEr": 0.27151788152640544
        },
        {
            "BLEU-1": 0.6059105124089013,
            "BLEU-2": 0.4171451429651183,
            "BLEU-4": 0.19756854775870775,
            "METEOR": 0.3799235495551702,
            "ROUGE-L": 0.4178986097513737,
            "CIDEr": 0.33337862019554165
        },
        {
            "BLEU-1": 0.6186323926332138,
            "BLEU-2": 0.43292505534042314,
            "BLEU-4": 0.2088201396683318,
            "METEOR": 0.39512645017113884,
            "ROUGE-L": 0.4288609390070419,
            "CIDEr": 0.3746684166677071
        },
        {
            "BLEU-1": 0.621888136593448,
            "BLEU-2": 0.4394030363056646,
            "BLEU-4": 0.21609303525903256,
            "METEOR": 0.4076756333493791,
            "ROUGE-L": 0.43682469898231346,
            "CIDEr": 0.39868376220092233
        },
        {
            "BLEU-1": 0.6393035645855,
            "BLEU-2": 0.4554442440161936,
            "BLEU-4": 0.22324942700483147,
            "METEOR": 0.4129429433487139,
            "ROUGE-L": 0.44723388383550006,
            "CIDEr": 0.4208849537595222
        },
        {
            "BLEU-1": 0.6421307392797099,
            "BLEU-2": 0.4629656501177972,
            "BLEU-4": 0.2310205083146926,
            "METEOR": 0.4234596516672524,
            "ROUGE-L": 0.45333542947484423,
            "CIDEr": 0.45020472143108486
        },
        {
            "BLEU-1": 0.6474604974926252,
            "BLEU-2": 0.47023561087919963,
            "BLEU-4": 0.23750637274285705,
            "METEOR": 0.4323974067098444,
            "ROUGE-L": 0.4599495947178046,
            "CIDEr": 0.47586118528957705
        },
        {
            "BLEU-1": 0.6588555606074841,
            "BLEU-2": 0.48143662737455567,
            "BLEU-4": 0.24623642213343608,
            "METEOR": 0.43287019427730233,
            "ROUGE-L": 0.4655892864668902,
            "CIDEr": 0.4882311360339999
        },
        {
            "BLEU-1": 0.6649650626552522,
            "BLEU-2": 0.4888064609161073,
            "BLEU-4": 0.252306755777843,
            "METEOR": 0.44249123762948184,
            "ROUGE-L": 0.47445654657147857,
            "CIDEr": 0.5144886028518787
        },
        {
            "BLEU-1": 0.6612512700804791,
            "BLEU-2": 0.488836766494415,
            "BLEU-4": 0.2548312941754197,
            "METEOR": 0.4463555315321849,
            "ROUGE-L": 0.47378796528514194,
            "CIDEr": 0.5179270779672408
        },
        {
            "BLEU-1": 0.674826614201184,
            "BLEU-2": 0.5030098365685863,
            "BLEU-4": 0.2657178257252092,
            "METEOR": 0.4564499820083204,
            "ROUGE-L": 0.48469991476967267,
            "CIDEr": 0.5446674720141377
        },
        {
            "BLEU-1": 0.6651107143958296,
            "BLEU-2": 0.49443783150084825,
            "BLEU-4": 0.26008819788686616,
            "METEOR": 0.4624234495415991,
            "ROUGE-L": 0.48290370473585215,
            "CIDEr": 0.5493611660986619
        },
        {
            "BLEU-1": 0.6740611146866798,
            "BLEU-2": 0.5067902240387245,
            "BLEU-4": 0.27121078673367555,
            "METEOR": 0.47026735223254923,
            "ROUGE-L": 0.49017212917486397,
            "CIDEr": 0.5794668406259736
        },
        {
            "BLEU-1": 0.6721403272221421,
            "BLEU-2": 0.5055823491633342,
            "BLEU-4": 0.272491012137455,
            "METEOR": 0.4721182437158816,
            "ROUGE-L": 0.4912185356930184,
            "CIDEr": 0.5812057207414454
        },
        {
            "BLEU-1": 0.6803744372575266,
            "BLEU-2": 0.5143992488681891,
            "BLEU-4": 0.28022345063583465,
            "METEOR": 0.4765068590422956,
            "ROUGE-L": 0.4973312364714102,
            "CIDEr": 0.6010271475463389
        },
        {
            "BLEU-1": 0.6780993213440191,
            "BLEU-2": 0.5141072544077487,
            "BLEU-4": 0.2820560618679597,
            "METEOR": 0.48281219060750385,
            "ROUGE-L": 0.4980514776542832,
            "CIDEr": 0.6102728069822032
        },
        {
            "BLEU-1": 0.6763380501514095,
            "BLEU-2": 0.5149210707141272,
            "BLEU-4": 0.2846248272685703,
            "METEOR": 0.481510655135493,
            "ROUGE-L": 0.4989446062553052,
            "CIDEr": 0.6125867815440438
        },
        {
            "BLEU-1": 0.6699275962757402,
            "BLEU-2": 0.5105491947220986,
            "BLEU-4": 0.2828846605804962,
            "METEOR": 0.4890757664511543,
            "ROUGE-L": 0.5013023309195359,
            "CIDEr": 0.6241868215235502
        },
        {
            "BLEU-1": 0.6808211797971249,
            "BLEU-2": 0.5218967672431967,
            "BLEU-4": 0.2931843037096478,
            "METEOR": 0.48768522491980487,
            "ROUGE-L": 0.506090138755235,
            "CIDEr": 0.6349512359544386
        },
        {
            "BLEU-1": 0.6858405020682521,
            "BLEU-2": 0.5282355283003525,
            "BLEU-4": 0.2982932499811159,
            "METEOR": 0.4979655304413801,
            "ROUGE-L": 0.5128075502515791,
            "CIDEr": 0.6596432178432952
        }
    ]
}